2021-08-18 23:57:32,shelovesaqwen,@RebeuDeter #PrimeVideoEvangelion
2021-08-18 23:50:11,nicoroumaneix,@RebeuDeter #PrimeVideoEvangelion insh
2021-08-18 23:43:51,totyos,#PrimeVideoEvangelion üáØüáµ
2021-08-18 23:43:42,JHDKR,RT @RebeuDeter: Une personne sera tir√©e au sort pour gagner le billet aller/retour d'une semaine au Japon. H√¥tel inclu. Il suffit de commen‚Ä¶
2021-08-18 23:36:28,AstraOriginel,@Pawslutin @evgznie je suis bien d'accord avec toi serieux #PrimeVideoEvangelion
2021-08-18 23:33:30,bapt478,#PrimeVideoEvangelion
2021-08-18 23:31:15,Konah__,@RebeuDeter #PrimeVideoEvangelion LezzGo
2021-08-18 23:21:53,ganitso,@sascha_dosse @RebeuDeter Les go hein #PrimeVideoEvangelion
2021-08-18 23:16:05,nassimlzk,@RebeuDeter #PrimeVideoEvangelion
2021-08-18 23:15:13,fckancer,RT @RebeuDeter: Une personne sera tir√©e au sort pour gagner le billet aller/retour d'une semaine au Japon. H√¥tel inclu. Il suffit de commen‚Ä¶
2021-08-18 23:11:00,rayan1035,@RebeuDeter #PrimeVideoEvangelion jcrois jsuis en retard mais tranquille on tente comme m√™me
2021-08-18 23:06:27,Ajizuuuu_,@RebeuDeter Ooo #PrimeVideoEvangelion
2021-08-18 23:03:43,Floww1824,#PrimeVideoEvangelion
2021-08-18 23:01:26,fushiimmortal_,@negrito_te @RebeuDeter @trackmyhashtag Ptdrrrrr toujours pas de gagnant wesh???? #PrimeVideoEvangelion
2021-08-18 22:55:51,SiceFr,RT @catsuka: Coucou @PrimeVideoFR c'est chouette le concours #PrimeVideoEvangelion pour gagner un voyage au Japon mais ce qui me ferait le‚Ä¶
2021-08-18 22:54:01,KURAMA_NM,#PrimeVideoEvangelion GGOO DATEKO
2021-08-18 22:52:37,aominelpb,@RebeuDeter #PrimeVideoEvangelion
2021-08-18 22:51:35,Rayanwor,@RebeuDeter #PrimeVideoEvangelion
2021-08-18 22:51:15,ukazakie,Stp bg √ßa sympa #PrimeVideoEvangelion
2021-08-18 22:50:33,Rayanwor,RT @RebeuDeter: Une personne sera tir√©e au sort pour gagner le billet aller/retour d'une semaine au Japon. H√¥tel inclu. Il suffit de commen‚Ä¶
2021-08-18 22:47:17,menfouee,On est la #PrimeVideoEvangelion
2021-08-18 22:46:02,milangrr,"RT @Qlever_r: Dessin de Tobi  c'est mon premier dessin ; soyez indulgent...
#NARUTO 
#PrimeVideoEvangelion https://t.co/6HaX9uExFD"
2021-08-18 22:46:00,myomyobo,"RT @Qlever_r: Dessin de Tobi  c'est mon premier dessin ; soyez indulgent...
#NARUTO 
#PrimeVideoEvangelion https://t.co/6HaX9uExFD"
2021-08-18 22:45:32,Qlever_r,"Dessin de Tobi  c'est mon premier dessin ; soyez indulgent...
#NARUTO 
#PrimeVideoEvangelion https://t.co/6HaX9uExFD"
2021-08-18 22:43:30,kirito_amara,RT @RebeuDeter: Une personne sera tir√©e au sort pour gagner le billet aller/retour d'une semaine au Japon. H√¥tel inclu. Il suffit de commen‚Ä¶
2021-08-18 22:43:28,kirito_amara,@RebeuDeter @vic_paris_ c‚Äôest pour nous #PrimeVideoEvangelion
2021-08-18 22:39:42,shuuriee,@RebeuDeter #PrimeVideoEvangelion  bruuh
2021-08-18 22:36:18,Clo57Clo,#PrimeVideoEvangelionüíú
2021-08-18 22:36:01,Clo57Clo,RT @RebeuDeter: Une personne sera tir√©e au sort pour gagner le billet aller/retour d'une semaine au Japon. H√¥tel inclu. Il suffit de commen‚Ä¶
2021-08-18 22:35:41,Arjakro,@emilemorue @RebeuDeter T‚Äôarrive grave tard la honte !#PrimeVideoEvangelion
2021-08-18 22:29:03,Alain_Tuissi0n,Dans le doute #PrimeVideoEvangelion
2021-08-18 22:26:42,mennrill,@RebeuDeter #PrimeVideoEvangelion
2021-08-18 22:25:12,mathmathmathma_,@DrouardJames #PrimeVideoEvangelion https://t.co/VhdcXtWdUj
2021-08-18 22:21:36,kesai11,On est jamais en retard #PrimeVideoEvangelion
2021-08-18 22:20:25,elmousticoo,@RebeuDeter #PrimeVideoEvangelion LOKI&gt;&gt;THOR
2021-08-18 22:19:58,elmousticoo,@RebeuDeter #PrimeVideoEvangelion snk &lt; mha
2021-08-18 22:19:41,elmousticoo,@RebeuDeter #PrimeVideoEvangelion la piraterie n‚Äôest jamais fini
2021-08-18 22:19:13,elmousticoo,@RebeuDeter #PrimeVideoEvangelion je participe
2021-08-18 22:18:52,elmousticoo,@RebeuDeter #PrimeVideoEvangelion
2021-08-18 22:18:46,MakenzyFPS,#PrimeVideoEvangelion
2021-08-18 22:18:44,elmousticoo,@RebeuDeter #PrimeVideoEvangelion
2021-08-18 22:18:37,MakenzyFPS,RT @RebeuDeter: Une personne sera tir√©e au sort pour gagner le billet aller/retour d'une semaine au Japon. H√¥tel inclu. Il suffit de commen‚Ä¶
2021-08-18 22:18:25,elmousticoo,@RebeuDeter #PrimeVideoEvangelion
2021-08-18 22:15:20,hanymosy132,"‚öîÔ∏èDie gr√∂√üte Katastrophe der Geschichte ist das Martyrium von Imam Hussain und seinen treuen Gef√§hrten
‚öîÔ∏èLe plus gr‚Ä¶ https://t.co/Cj7Q1lfCDq"
2021-08-18 22:13:10,UltraDemon89,RT @UltraDemon89: @RebeuDeter Qui a gagner le voyage au japon #PrimeVideoEvangelion
2021-08-18 22:12:55,UltraDemon89,@RebeuDeter Qui a gagner le voyage au japon #PrimeVideoEvangelion
2021-08-18 22:04:16,Tucc1Romano,@RebeuDeter #PrimeVideoEvangelion
2021-08-18 21:58:42,yozyuko,vue que c tjrs pas tir√©au sort #PrimeVideoEvangelion https://t.co/Sl6Bt47fXK
2021-08-18 21:57:43,ksqet1,@RebeuDeter #PrimeVideoEvangelion
2021-08-18 21:55:30,CompteurL,@RebeuDeter Je vais l ecrire plein de fois #PrimeVideoEvangelion (308x)
2021-08-18 21:55:29,CompteurL,@RebeuDeter Je vais l ecrire plein de fois #PrimeVideoEvangelion (307x)
2021-08-18 21:55:29,CompteurL,@RebeuDeter Je vais l ecrire plein de fois #PrimeVideoEvangelion (306x)
2021-08-18 21:55:28,CompteurL,@RebeuDeter Je vais l ecrire plein de fois #PrimeVideoEvangelion (305x)
2021-08-18 21:55:28,CompteurL,@RebeuDeter Je vais l ecrire plein de fois #PrimeVideoEvangelion (304x)
2021-08-18 21:55:27,CompteurL,@RebeuDeter Je vais l ecrire plein de fois #PrimeVideoEvangelion (303x)
2021-08-18 21:55:27,CompteurL,@RebeuDeter Je vais l ecrire plein de fois #PrimeVideoEvangelion (302x)
2021-08-18 21:55:26,CompteurL,@RebeuDeter Je vais l ecrire plein de fois #PrimeVideoEvangelion (301x)
2021-08-18 21:55:26,CompteurL,@RebeuDeter Je vais l ecrire plein de fois #PrimeVideoEvangelion (300x)
2021-08-18 21:55:25,CompteurL,@RebeuDeter Je vais l ecrire plein de fois #PrimeVideoEvangelion (299x)
2021-08-18 21:55:25,CompteurL,@RebeuDeter Je vais l ecrire plein de fois #PrimeVideoEvangelion (298x)
2021-08-18 21:55:24,CompteurL,@RebeuDeter Je vais l ecrire plein de fois #PrimeVideoEvangelion (297x)
2021-08-18 21:55:24,CompteurL,@RebeuDeter Je vais l ecrire plein de fois #PrimeVideoEvangelion (296x)
2021-08-18 21:55:23,CompteurL,@RebeuDeter Je vais l ecrire plein de fois #PrimeVideoEvangelion (295x)
2021-08-18 21:55:23,CompteurL,@RebeuDeter Je vais l ecrire plein de fois #PrimeVideoEvangelion (294x)
2021-08-18 21:55:22,CompteurL,@RebeuDeter Je vais l ecrire plein de fois #PrimeVideoEvangelion (293x)
2021-08-18 21:55:22,CompteurL,@RebeuDeter Je vais l ecrire plein de fois #PrimeVideoEvangelion (292x)
2021-08-18 21:55:21,CompteurL,@RebeuDeter Je vais l ecrire plein de fois #PrimeVideoEvangelion (291x)
2021-08-18 21:55:21,CompteurL,@RebeuDeter Je vais l ecrire plein de fois #PrimeVideoEvangelion (290x)
2021-08-18 21:55:20,CompteurL,@RebeuDeter Je vais l ecrire plein de fois #PrimeVideoEvangelion (289x)
2021-08-18 21:55:20,CompteurL,@RebeuDeter Je vais l ecrire plein de fois #PrimeVideoEvangelion (288x)
2021-08-18 21:55:19,CompteurL,@RebeuDeter Je vais l ecrire plein de fois #PrimeVideoEvangelion (287x)
2021-08-18 21:55:19,CompteurL,@RebeuDeter Je vais l ecrire plein de fois #PrimeVideoEvangelion (286x)
2021-08-18 21:55:18,CompteurL,@RebeuDeter Je vais l ecrire plein de fois #PrimeVideoEvangelion (285x)
2021-08-18 21:55:18,CompteurL,@RebeuDeter Je vais l ecrire plein de fois #PrimeVideoEvangelion (284x)
2021-08-18 21:55:17,CompteurL,@RebeuDeter Je vais l ecrire plein de fois #PrimeVideoEvangelion (283x)
2021-08-18 21:55:17,CompteurL,@RebeuDeter Je vais l ecrire plein de fois #PrimeVideoEvangelion (282x)
2021-08-18 21:55:17,CompteurL,@RebeuDeter Je vais l ecrire plein de fois #PrimeVideoEvangelion (281x)
2021-08-18 21:55:16,CompteurL,@RebeuDeter Je vais l ecrire plein de fois #PrimeVideoEvangelion (280x)
2021-08-18 21:55:16,CompteurL,@RebeuDeter Je vais l ecrire plein de fois #PrimeVideoEvangelion (279x)
2021-08-18 21:55:15,CompteurL,@RebeuDeter Je vais l ecrire plein de fois #PrimeVideoEvangelion (278x)
2021-08-18 21:55:15,CompteurL,@RebeuDeter Je vais l ecrire plein de fois #PrimeVideoEvangelion (277x)
2021-08-18 21:55:14,CompteurL,@RebeuDeter Je vais l ecrire plein de fois #PrimeVideoEvangelion (276x)
2021-08-18 21:55:14,CompteurL,@RebeuDeter Je vais l ecrire plein de fois #PrimeVideoEvangelion (275x)
2021-08-18 21:55:13,CompteurL,@RebeuDeter Je vais l ecrire plein de fois #PrimeVideoEvangelion (274x)
2021-08-18 21:55:13,CompteurL,@RebeuDeter Je vais l ecrire plein de fois #PrimeVideoEvangelion (273x)
2021-08-18 21:55:12,CompteurL,@RebeuDeter Je vais l ecrire plein de fois #PrimeVideoEvangelion (272x)
2021-08-18 21:55:12,CompteurL,@RebeuDeter Je vais l ecrire plein de fois #PrimeVideoEvangelion (271x)
2021-08-18 21:55:11,CompteurL,@RebeuDeter Je vais l ecrire plein de fois #PrimeVideoEvangelion (270x)
2021-08-18 21:55:11,CompteurL,@RebeuDeter Je vais l ecrire plein de fois #PrimeVideoEvangelion (269x)
2021-08-18 21:55:10,CompteurL,@RebeuDeter Je vais l ecrire plein de fois #PrimeVideoEvangelion (268x)
2021-08-18 21:55:10,CompteurL,@RebeuDeter Je vais l ecrire plein de fois #PrimeVideoEvangelion (267x)
2021-08-18 21:55:09,CompteurL,@RebeuDeter Je vais l ecrire plein de fois #PrimeVideoEvangelion (266x)
2021-08-18 21:55:09,CompteurL,@RebeuDeter Je vais l ecrire plein de fois #PrimeVideoEvangelion (265x)
2021-08-18 21:55:08,CompteurL,@RebeuDeter Je vais l ecrire plein de fois #PrimeVideoEvangelion (264x)
2021-08-18 21:55:08,CompteurL,@RebeuDeter Je vais l ecrire plein de fois #PrimeVideoEvangelion (263x)
2021-08-18 21:55:08,CompteurL,@RebeuDeter Je vais l ecrire plein de fois #PrimeVideoEvangelion (262x)
2021-08-18 21:55:07,CompteurL,@RebeuDeter Je vais l ecrire plein de fois #PrimeVideoEvangelion (261x)
2021-08-18 21:55:07,CompteurL,@RebeuDeter Je vais l ecrire plein de fois #PrimeVideoEvangelion (260x)
2021-08-18 21:55:06,CompteurL,@RebeuDeter Je vais l ecrire plein de fois #PrimeVideoEvangelion (259x)
2021-08-18 21:55:06,CompteurL,@RebeuDeter Je vais l ecrire plein de fois #PrimeVideoEvangelion (258x)
2021-08-18 21:55:05,CompteurL,@RebeuDeter Je vais l ecrire plein de fois #PrimeVideoEvangelion (257x)
2021-08-18 21:55:05,CompteurL,@RebeuDeter Je vais l ecrire plein de fois #PrimeVideoEvangelion (256x)
2021-08-18 21:55:04,CompteurL,@RebeuDeter Je vais l ecrire plein de fois #PrimeVideoEvangelion (255x)
2021-08-18 21:55:04,CompteurL,@RebeuDeter Je vais l ecrire plein de fois #PrimeVideoEvangelion (254x)
2021-08-18 21:55:03,CompteurL,@RebeuDeter Je vais l ecrire plein de fois #PrimeVideoEvangelion (253x)
2021-08-18 21:55:03,CompteurL,@RebeuDeter Je vais l ecrire plein de fois #PrimeVideoEvangelion (252x)
2021-08-18 21:55:02,CompteurL,@RebeuDeter Je vais l ecrire plein de fois #PrimeVideoEvangelion (251x)
2021-08-18 21:55:02,CompteurL,@RebeuDeter Je vais l ecrire plein de fois #PrimeVideoEvangelion (250x)
2021-08-18 21:55:01,CompteurL,@RebeuDeter Je vais l ecrire plein de fois #PrimeVideoEvangelion (249x)
2021-08-18 21:55:01,CompteurL,@RebeuDeter Je vais l ecrire plein de fois #PrimeVideoEvangelion (248x)
2021-08-18 21:55:00,CompteurL,@RebeuDeter Je vais l ecrire plein de fois #PrimeVideoEvangelion (247x)
2021-08-18 21:55:00,CompteurL,@RebeuDeter Je vais l ecrire plein de fois #PrimeVideoEvangelion (246x)
2021-08-18 21:54:59,CompteurL,@RebeuDeter Je vais l ecrire plein de fois #PrimeVideoEvangelion (245x)
2021-08-18 21:54:59,CompteurL,@RebeuDeter Je vais l ecrire plein de fois #PrimeVideoEvangelion (244x)
2021-08-18 21:54:58,CompteurL,@RebeuDeter Je vais l ecrire plein de fois #PrimeVideoEvangelion (243x)
2021-08-18 21:54:58,CompteurL,@RebeuDeter Je vais l ecrire plein de fois #PrimeVideoEvangelion (242x)
2021-08-18 21:54:57,CompteurL,@RebeuDeter Je vais l ecrire plein de fois #PrimeVideoEvangelion (241x)
2021-08-18 21:54:57,CompteurL,@RebeuDeter Je vais l ecrire plein de fois #PrimeVideoEvangelion (240x)
2021-08-18 21:54:56,CompteurL,@RebeuDeter Je vais l ecrire plein de fois #PrimeVideoEvangelion (239x)
2021-08-18 21:54:56,CompteurL,@RebeuDeter Je vais l ecrire plein de fois #PrimeVideoEvangelion (238x)
2021-08-18 21:54:55,CompteurL,@RebeuDeter Je vais l ecrire plein de fois #PrimeVideoEvangelion (237x)
2021-08-18 21:54:55,CompteurL,@RebeuDeter Je vais l ecrire plein de fois #PrimeVideoEvangelion (236x)
2021-08-18 21:54:54,CompteurL,@RebeuDeter Je vais l ecrire plein de fois #PrimeVideoEvangelion (235x)
2021-08-18 21:54:54,CompteurL,@RebeuDeter Je vais l ecrire plein de fois #PrimeVideoEvangelion (234x)
2021-08-18 21:54:53,CompteurL,@RebeuDeter Je vais l ecrire plein de fois #PrimeVideoEvangelion (233x)
2021-08-18 21:54:53,CompteurL,@RebeuDeter Je vais l ecrire plein de fois #PrimeVideoEvangelion (232x)
2021-08-18 21:54:52,CompteurL,@RebeuDeter Je vais l ecrire plein de fois #PrimeVideoEvangelion (231x)
2021-08-18 21:54:52,CompteurL,@RebeuDeter Je vais l ecrire plein de fois #PrimeVideoEvangelion (230x)
2021-08-18 21:54:51,CompteurL,@RebeuDeter Je vais l ecrire plein de fois #PrimeVideoEvangelion (229x)
2021-08-18 21:54:51,CompteurL,@RebeuDeter Je vais l ecrire plein de fois #PrimeVideoEvangelion (228x)
2021-08-18 21:54:50,CompteurL,@RebeuDeter Je vais l ecrire plein de fois #PrimeVideoEvangelion (227x)
2021-08-18 21:54:50,CompteurL,@RebeuDeter Je vais l ecrire plein de fois #PrimeVideoEvangelion (226x)
2021-08-18 21:54:49,CompteurL,@RebeuDeter Je vais l ecrire plein de fois #PrimeVideoEvangelion (225x)
2021-08-18 21:54:49,CompteurL,@RebeuDeter Je vais l ecrire plein de fois #PrimeVideoEvangelion (224x)
2021-08-18 21:54:48,CompteurL,@RebeuDeter Je vais l ecrire plein de fois #PrimeVideoEvangelion (223x)
2021-08-18 21:54:48,CompteurL,@RebeuDeter Je vais l ecrire plein de fois #PrimeVideoEvangelion (222x)
2021-08-18 21:54:47,CompteurL,@RebeuDeter Je vais l ecrire plein de fois #PrimeVideoEvangelion (221x)
2021-08-18 21:54:47,CompteurL,@RebeuDeter Je vais l ecrire plein de fois #PrimeVideoEvangelion (220x)
2021-08-18 21:54:46,CompteurL,@RebeuDeter Je vais l ecrire plein de fois #PrimeVideoEvangelion (219x)
2021-08-18 21:54:46,CompteurL,@RebeuDeter Je vais l ecrire plein de fois #PrimeVideoEvangelion (218x)
2021-08-18 21:54:45,CompteurL,@RebeuDeter Je vais l ecrire plein de fois #PrimeVideoEvangelion (217x)
2021-08-18 21:54:45,CompteurL,@RebeuDeter Je vais l ecrire plein de fois #PrimeVideoEvangelion (216x)
2021-08-18 21:54:44,CompteurL,@RebeuDeter Je vais l ecrire plein de fois #PrimeVideoEvangelion (215x)
2021-08-18 21:54:44,CompteurL,@RebeuDeter Je vais l ecrire plein de fois #PrimeVideoEvangelion (214x)
2021-08-18 21:54:43,CompteurL,@RebeuDeter Je vais l ecrire plein de fois #PrimeVideoEvangelion (213x)
2021-08-18 21:54:43,CompteurL,@RebeuDeter Je vais l ecrire plein de fois #PrimeVideoEvangelion (212x)
2021-08-18 21:54:42,CompteurL,@RebeuDeter Je vais l ecrire plein de fois #PrimeVideoEvangelion (211x)
2021-08-18 21:54:41,CompteurL,@RebeuDeter Je vais l ecrire plein de fois #PrimeVideoEvangelion (210x)
2021-08-18 21:54:41,CompteurL,@RebeuDeter Je vais l ecrire plein de fois #PrimeVideoEvangelion (209x)
2021-08-18 21:54:40,CompteurL,@RebeuDeter Je vais l ecrire plein de fois #PrimeVideoEvangelion (208x)
2021-08-18 21:54:40,CompteurL,@RebeuDeter Je vais l ecrire plein de fois #PrimeVideoEvangelion (207x)
2021-08-18 21:54:39,CompteurL,@RebeuDeter Je vais l ecrire plein de fois #PrimeVideoEvangelion (206x)
2021-08-18 21:54:38,CompteurL,@RebeuDeter Je vais l ecrire plein de fois #PrimeVideoEvangelion (205x)
2021-08-18 21:54:37,CompteurL,@RebeuDeter Je vais l ecrire plein de fois #PrimeVideoEvangelion (204x)
2021-08-18 21:54:36,CompteurL,@RebeuDeter Je vais l ecrire plein de fois #PrimeVideoEvangelion (203x)
2021-08-18 21:54:36,cmoiwsh22,@RebeuDeter #PrimeVideoEvangelion l
2021-08-18 21:54:36,CompteurL,@RebeuDeter Je vais l ecrire plein de fois #PrimeVideoEvangelion (202x)
2021-08-18 21:54:36,CompteurL,@RebeuDeter Je vais l ecrire plein de fois #PrimeVideoEvangelion (201x)
2021-08-18 21:54:35,CompteurL,@RebeuDeter Je vais l ecrire plein de fois #PrimeVideoEvangelion (200x)
2021-08-18 21:54:34,CompteurL,@RebeuDeter Je vais l ecrire plein de fois #PrimeVideoEvangelion (199x)
2021-08-18 21:54:34,CompteurL,@RebeuDeter Je vais l ecrire plein de fois #PrimeVideoEvangelion (198x)
2021-08-18 21:54:34,CompteurL,@RebeuDeter Je vais l ecrire plein de fois #PrimeVideoEvangelion (197x)
2021-08-18 21:54:33,CompteurL,@RebeuDeter Je vais l ecrire plein de fois #PrimeVideoEvangelion (196x)
2021-08-18 21:54:33,CompteurL,@RebeuDeter Je vais l ecrire plein de fois #PrimeVideoEvangelion (195x)
2021-08-18 21:54:32,CompteurL,@RebeuDeter Je vais l ecrire plein de fois #PrimeVideoEvangelion (194x)
2021-08-18 21:54:32,CompteurL,@RebeuDeter Je vais l ecrire plein de fois #PrimeVideoEvangelion (193x)
2021-08-18 21:54:31,CompteurL,@RebeuDeter Je vais l ecrire plein de fois #PrimeVideoEvangelion (192x)
2021-08-18 21:54:31,CompteurL,@RebeuDeter Je vais l ecrire plein de fois #PrimeVideoEvangelion (191x)
2021-08-18 21:54:30,CompteurL,@RebeuDeter Je vais l ecrire plein de fois #PrimeVideoEvangelion (190x)
2021-08-18 21:54:30,CompteurL,@RebeuDeter Je vais l ecrire plein de fois #PrimeVideoEvangelion (189x)
2021-08-18 21:54:29,CompteurL,@RebeuDeter Je vais l ecrire plein de fois #PrimeVideoEvangelion (188x)
2021-08-18 21:54:29,CompteurL,@RebeuDeter Je vais l ecrire plein de fois #PrimeVideoEvangelion (187x)
2021-08-18 21:54:28,CompteurL,@RebeuDeter Je vais l ecrire plein de fois #PrimeVideoEvangelion (186x)
2021-08-18 21:54:28,CompteurL,@RebeuDeter Je vais l ecrire plein de fois #PrimeVideoEvangelion (185x)
2021-08-18 21:54:27,CompteurL,@RebeuDeter Je vais l ecrire plein de fois #PrimeVideoEvangelion (184x)
2021-08-18 21:54:27,CompteurL,@RebeuDeter Je vais l ecrire plein de fois #PrimeVideoEvangelion (183x)
2021-08-18 21:54:26,CompteurL,@RebeuDeter Je vais l ecrire plein de fois #PrimeVideoEvangelion (182x)
2021-08-18 21:54:26,CompteurL,@RebeuDeter Je vais l ecrire plein de fois #PrimeVideoEvangelion (181x)
2021-08-18 21:54:25,CompteurL,@RebeuDeter Je vais l ecrire plein de fois #PrimeVideoEvangelion (180x)
2021-08-18 21:54:25,CompteurL,@RebeuDeter Je vais l ecrire plein de fois #PrimeVideoEvangelion (179x)
2021-08-18 21:54:24,CompteurL,@RebeuDeter Je vais l ecrire plein de fois #PrimeVideoEvangelion (178x)
2021-08-18 21:54:24,CompteurL,@RebeuDeter Je vais l ecrire plein de fois #PrimeVideoEvangelion (177x)
2021-08-18 21:54:23,CompteurL,@RebeuDeter Je vais l ecrire plein de fois #PrimeVideoEvangelion (176x)
2021-08-18 21:54:23,CompteurL,@RebeuDeter Je vais l ecrire plein de fois #PrimeVideoEvangelion (175x)
2021-08-18 21:54:22,CompteurL,@RebeuDeter Je vais l ecrire plein de fois #PrimeVideoEvangelion (174x)
2021-08-18 21:54:22,CompteurL,@RebeuDeter Je vais l ecrire plein de fois #PrimeVideoEvangelion (173x)
2021-08-18 21:54:22,CompteurL,@RebeuDeter Je vais l ecrire plein de fois #PrimeVideoEvangelion (172x)
2021-08-18 21:54:21,CompteurL,@RebeuDeter Je vais l ecrire plein de fois #PrimeVideoEvangelion (171x)
2021-08-18 21:54:21,CompteurL,@RebeuDeter Je vais l ecrire plein de fois #PrimeVideoEvangelion (170x)
2021-08-18 21:54:20,CompteurL,@RebeuDeter Je vais l ecrire plein de fois #PrimeVideoEvangelion (169x)
2021-08-18 21:54:20,CompteurL,@RebeuDeter Je vais l ecrire plein de fois #PrimeVideoEvangelion (168x)
2021-08-18 21:54:19,CompteurL,@RebeuDeter Je vais l ecrire plein de fois #PrimeVideoEvangelion (167x)
2021-08-18 21:54:19,CompteurL,@RebeuDeter Je vais l ecrire plein de fois #PrimeVideoEvangelion (166x)
2021-08-18 21:54:18,CompteurL,@RebeuDeter Je vais l ecrire plein de fois #PrimeVideoEvangelion (165x)
2021-08-18 21:54:18,CompteurL,@RebeuDeter Je vais l ecrire plein de fois #PrimeVideoEvangelion (164x)
2021-08-18 21:54:17,CompteurL,@RebeuDeter Je vais l ecrire plein de fois #PrimeVideoEvangelion (163x)
2021-08-18 21:54:17,CompteurL,@RebeuDeter Je vais l ecrire plein de fois #PrimeVideoEvangelion (162x)
2021-08-18 21:54:16,CompteurL,@RebeuDeter Je vais l ecrire plein de fois #PrimeVideoEvangelion (161x)
2021-08-18 21:54:16,CompteurL,@RebeuDeter Je vais l ecrire plein de fois #PrimeVideoEvangelion (160x)
2021-08-18 21:54:15,CompteurL,@RebeuDeter Je vais l ecrire plein de fois #PrimeVideoEvangelion (159x)
